Customer ID,Recency,Frequency,Monetary,R_Score,F_Score,M_Score,RFM_Score,Segment
CUST001,39,1,5.0106352940962555,4,1,3,413,Potential Loyalist
CUST002,309,1,6.907755278982137,1,1,4,114,Lost Customers
CUST003,354,1,3.4011973816621555,1,1,1,111,Lost Customers
CUST004,226,1,6.214608098422191,2,1,3,213,Lost Customers
CUST005,241,1,4.605170185988092,2,1,2,212,Lost Customers
CUST006,252,1,3.4011973816621555,2,1,1,211,Lost Customers
CUST007,295,1,3.912023005428146,1,1,1,111,Lost Customers
CUST008,314,1,4.605170185988092,1,1,2,112,Lost Customers
CUST009,20,1,6.396929655216146,4,1,3,413,Potential Loyalist
CUST010,87,1,5.298317366548036,4,1,3,413,Potential Loyalist
CUST011,322,1,4.605170185988092,1,1,2,112,Lost Customers
CUST012,64,1,4.31748811353631,4,1,2,412,Potential Loyalist
CUST013,150,1,7.313220387090301,3,1,4,314,Potential Loyalist
CUST014,350,1,4.787491742782046,1,1,2,112,Lost Customers
CUST015,351,1,7.600902459542082,1,1,4,114,Lost Customers
CUST016,319,1,7.313220387090301,1,1,4,114,Lost Customers
CUST017,255,1,4.605170185988092,2,1,2,212,Lost Customers
CUST018,247,1,3.912023005428146,2,1,1,211,Lost Customers
CUST019,108,1,3.912023005428146,3,1,1,311,Potential Loyalist
CUST020,58,1,6.802394763324311,4,1,3,413,Potential Loyalist
CUST021,353,1,6.214608098422191,1,1,3,113,Lost Customers
CUST022,79,1,4.605170185988092,4,1,2,412,Potential Loyalist
CUST023,265,1,4.787491742782046,2,1,2,212,Lost Customers
CUST024,34,1,5.703782474656201,4,1,3,413,Potential Loyalist
CUST025,7,1,3.912023005428146,4,1,1,411,Potential Loyalist
CUST026,87,1,6.907755278982137,4,1,4,414,Potential Loyalist
CUST027,152,1,3.912023005428146,3,1,1,311,Potential Loyalist
CUST028,254,1,6.214608098422191,2,1,3,213,Lost Customers
CUST029,137,1,3.4011973816621555,3,1,1,311,Potential Loyalist
CUST030,65,1,6.802394763324311,4,1,3,413,Potential Loyalist
CUST031,224,1,7.090076835776092,2,1,4,214,Lost Customers
CUST032,363,1,4.499809670330265,1,1,2,112,Lost Customers
CUST033,285,1,4.605170185988092,1,1,2,112,Lost Customers
CUST034,9,1,5.0106352940962555,4,1,3,413,Potential Loyalist
CUST035,150,1,6.802394763324311,3,1,3,313,Potential Loyalist
CUST036,192,1,6.802394763324311,2,1,3,213,Lost Customers
CUST037,224,1,4.31748811353631,2,1,2,212,Lost Customers
CUST038,287,1,5.298317366548036,1,1,3,113,Lost Customers
CUST039,256,1,4.787491742782046,2,1,2,212,Lost Customers
CUST040,194,1,3.912023005428146,2,1,1,211,Lost Customers
CUST041,314,1,3.912023005428146,1,1,1,111,Lost Customers
CUST042,319,1,6.802394763324311,1,1,3,113,Lost Customers
CUST043,172,1,5.703782474656201,3,1,3,313,Potential Loyalist
CUST044,317,1,3.2188758248682006,1,1,1,111,Lost Customers
CUST045,183,1,3.4011973816621555,3,1,1,311,Potential Loyalist
CUST046,190,1,7.090076835776092,2,1,4,214,Lost Customers
CUST047,57,1,7.313220387090301,4,1,4,414,Potential Loyalist
CUST048,231,1,6.802394763324311,2,1,3,213,Lost Customers
CUST049,344,1,6.907755278982137,1,1,4,114,Lost Customers
CUST050,131,1,4.31748811353631,3,1,2,312,Potential Loyalist
CUST051,92,1,4.31748811353631,3,1,2,312,Potential Loyalist
CUST052,303,1,5.703782474656201,1,1,3,113,Lost Customers
CUST053,173,1,4.605170185988092,3,1,2,312,Potential Loyalist
CUST054,326,1,7.313220387090301,1,1,4,114,Lost Customers
CUST055,84,1,4.787491742782046,4,1,2,412,Potential Loyalist
CUST056,216,1,6.802394763324311,2,1,3,213,Lost Customers
CUST057,45,1,3.4011973816621555,4,1,1,411,Potential Loyalist
CUST058,50,1,7.090076835776092,4,1,4,414,Potential Loyalist
CUST059,181,1,3.912023005428146,3,1,1,311,Potential Loyalist
CUST060,71,1,5.0106352940962555,4,1,3,413,Potential Loyalist
CUST061,268,1,5.298317366548036,2,1,3,213,Lost Customers
CUST062,6,1,4.605170185988092,4,1,2,412,Potential Loyalist
CUST063,331,1,3.912023005428146,1,1,1,111,Lost Customers
CUST064,343,1,4.605170185988092,1,1,2,112,Lost Customers
CUST065,28,1,7.600902459542082,4,1,4,414,Potential Loyalist
CUST066,250,1,3.4011973816621555,2,1,1,211,Lost Customers
CUST067,218,1,7.090076835776092,2,1,4,214,Lost Customers
CUST068,326,1,5.703782474656201,1,1,3,113,Lost Customers
CUST069,247,1,4.31748811353631,2,1,2,212,Lost Customers
CUST070,315,1,5.703782474656201,1,1,3,113,Lost Customers
CUST071,172,1,4.605170185988092,3,1,2,312,Potential Loyalist
CUST072,224,1,7.600902459542082,2,1,4,214,Lost Customers
CUST073,134,1,4.499809670330265,3,1,2,312,Potential Loyalist
CUST074,41,1,7.600902459542082,4,1,4,414,Potential Loyalist
CUST075,180,1,5.298317366548036,3,1,3,313,Potential Loyalist
CUST076,283,1,4.605170185988092,1,1,2,112,Lost Customers
CUST077,177,1,4.605170185988092,3,1,2,312,Potential Loyalist
CUST078,185,1,7.313220387090301,3,1,4,314,Potential Loyalist
CUST079,259,1,5.703782474656201,2,1,3,213,Lost Customers
CUST080,23,1,4.0943445622221,4,1,1,411,Potential Loyalist
CUST081,230,1,3.912023005428146,2,1,1,211,Lost Customers
CUST082,7,1,5.298317366548036,4,1,3,413,Potential Loyalist
CUST083,17,1,4.605170185988092,4,1,2,412,Potential Loyalist
CUST084,35,1,4.499809670330265,4,1,2,412,Potential Loyalist
CUST085,330,1,5.0106352940962555,1,1,3,113,Lost Customers
CUST086,55,1,4.499809670330265,4,1,2,412,Potential Loyalist
CUST087,41,1,4.605170185988092,4,1,2,412,Potential Loyalist
CUST088,279,1,6.214608098422191,1,1,3,113,Lost Customers
CUST089,93,1,7.600902459542082,3,1,4,314,Potential Loyalist
CUST090,241,1,3.4011973816621555,2,1,1,211,Lost Customers
CUST091,283,1,6.214608098422191,1,1,3,113,Lost Customers
CUST092,130,1,4.787491742782046,3,1,2,312,Potential Loyalist
CUST093,172,1,7.600902459542082,3,1,4,314,Potential Loyalist
CUST094,228,1,6.907755278982137,2,1,4,214,Lost Customers
CUST095,39,1,4.0943445622221,4,1,1,411,Potential Loyalist
CUST096,14,1,6.396929655216146,4,1,3,413,Potential Loyalist
CUST097,81,1,6.907755278982137,4,1,4,414,Potential Loyalist
CUST098,254,1,4.605170185988092,2,1,2,212,Lost Customers
CUST099,16,1,7.090076835776092,4,1,4,414,Potential Loyalist
CUST100,200,1,3.4011973816621555,2,1,1,211,Lost Customers
CUST1000,265,1,4.787491742782046,2,1,2,212,Lost Customers
CUST101,338,1,6.396929655216146,1,1,3,113,Lost Customers
CUST102,249,1,3.912023005428146,2,1,1,211,Lost Customers
CUST103,350,1,3.2188758248682006,1,1,1,111,Lost Customers
CUST104,205,1,6.907755278982137,2,1,4,214,Lost Customers
CUST105,161,1,6.214608098422191,3,1,3,313,Potential Loyalist
CUST106,229,1,3.912023005428146,2,1,1,211,Lost Customers
CUST107,333,1,7.090076835776092,1,1,4,114,Lost Customers
CUST108,258,1,4.31748811353631,2,1,2,212,Lost Customers
CUST109,76,1,7.600902459542082,4,1,4,414,Potential Loyalist
CUST110,205,1,6.802394763324311,2,1,3,213,Lost Customers
CUST111,258,1,7.313220387090301,2,1,4,214,Lost Customers
CUST112,31,1,7.313220387090301,4,1,4,414,Potential Loyalist
CUST113,111,1,3.912023005428146,3,1,1,311,Potential Loyalist
CUST114,164,1,4.605170185988092,3,1,2,312,Potential Loyalist
CUST115,37,1,7.313220387090301,4,1,4,414,Potential Loyalist
CUST116,132,1,3.4011973816621555,3,1,1,311,Potential Loyalist
CUST117,293,1,6.907755278982137,1,1,4,114,Lost Customers
CUST118,231,1,7.600902459542082,2,1,4,214,Lost Customers
CUST119,295,1,5.0106352940962555,1,1,3,113,Lost Customers
CUST120,240,1,3.912023005428146,2,1,1,211,Lost Customers
CUST121,79,1,5.298317366548036,4,1,3,413,Potential Loyalist
CUST122,91,1,4.787491742782046,3,1,2,312,Potential Loyalist
CUST123,232,1,4.0943445622221,2,1,1,211,Lost Customers
CUST124,67,1,7.600902459542082,4,1,4,414,Potential Loyalist
CUST125,147,1,4.605170185988092,3,1,2,312,Potential Loyalist
CUST126,68,1,4.499809670330265,4,1,2,412,Potential Loyalist
CUST127,162,1,3.912023005428146,3,1,1,311,Potential Loyalist
CUST128,181,1,6.214608098422191,3,1,3,313,Potential Loyalist
CUST129,254,1,6.396929655216146,2,1,3,213,Lost Customers
CUST130,296,1,6.214608098422191,1,1,3,113,Lost Customers
CUST131,106,1,6.396929655216146,3,1,3,313,Potential Loyalist
CUST132,114,1,5.298317366548036,3,1,3,313,Potential Loyalist
CUST133,320,1,6.802394763324311,1,1,3,113,Lost Customers
CUST134,342,1,3.912023005428146,1,1,1,111,Lost Customers
CUST135,310,1,3.912023005428146,1,1,1,111,Lost Customers
CUST136,288,1,6.396929655216146,1,1,3,113,Lost Customers
CUST137,45,1,6.907755278982137,4,1,4,414,Potential Loyalist
CUST138,285,1,5.298317366548036,1,1,3,113,Lost Customers
CUST139,18,1,7.600902459542082,4,1,4,414,Potential Loyalist
CUST140,150,1,3.4011973816621555,3,1,1,311,Potential Loyalist
CUST141,61,1,3.912023005428146,4,1,1,411,Potential Loyalist
CUST142,334,1,7.090076835776092,1,1,4,114,Lost Customers
CUST143,169,1,3.912023005428146,3,1,1,311,Potential Loyalist
CUST144,171,1,7.313220387090301,3,1,4,314,Potential Loyalist
CUST145,61,1,4.31748811353631,4,1,2,412,Potential Loyalist
CUST146,127,1,5.298317366548036,3,1,3,313,Potential Loyalist
CUST147,96,1,5.703782474656201,3,1,3,313,Potential Loyalist
CUST148,238,1,4.0943445622221,2,1,1,211,Lost Customers
CUST149,83,1,4.31748811353631,4,1,2,412,Potential Loyalist
CUST150,361,1,4.787491742782046,1,1,2,112,Lost Customers
CUST151,18,1,3.912023005428146,4,1,1,411,Potential Loyalist
CUST152,308,1,7.600902459542082,1,1,4,114,Lost Customers
CUST153,17,1,6.907755278982137,4,1,4,414,Potential Loyalist
CUST154,92,1,6.802394763324311,3,1,3,313,Potential Loyalist
CUST155,230,1,7.600902459542082,2,1,4,214,Lost Customers
CUST156,38,1,4.605170185988092,4,1,2,412,Potential Loyalist
CUST157,192,1,7.600902459542082,2,1,4,214,Lost Customers
CUST158,309,1,6.396929655216146,1,1,3,113,Lost Customers
CUST159,216,1,5.298317366548036,2,1,3,213,Lost Customers
CUST160,144,1,4.605170185988092,3,1,2,312,Potential Loyalist
CUST161,286,1,6.907755278982137,1,1,4,114,Lost Customers
CUST162,134,1,4.0943445622221,3,1,1,311,Potential Loyalist
CUST163,365,1,5.0106352940962555,1,1,3,113,Lost Customers
CUST164,232,1,7.313220387090301,2,1,4,214,Lost Customers
CUST165,110,1,7.090076835776092,3,1,4,314,Potential Loyalist
CUST166,275,1,7.600902459542082,1,1,4,114,Lost Customers
CUST167,107,1,5.0106352940962555,3,1,3,313,Potential Loyalist
CUST168,312,1,5.703782474656201,1,1,3,113,Lost Customers
CUST169,46,1,7.313220387090301,4,1,4,414,Potential Loyalist
CUST170,214,1,3.912023005428146,2,1,1,211,Lost Customers
CUST171,39,1,6.802394763324311,4,1,3,413,Potential Loyalist
CUST172,107,1,3.912023005428146,3,1,1,311,Potential Loyalist
CUST173,55,1,4.787491742782046,4,1,2,412,Potential Loyalist
CUST174,265,1,5.703782474656201,2,1,3,213,Lost Customers
CUST175,288,1,4.605170185988092,1,1,2,112,Lost Customers
CUST176,175,1,4.605170185988092,3,1,2,312,Potential Loyalist
CUST177,284,1,4.605170185988092,1,1,2,112,Lost Customers
CUST178,90,1,4.0943445622221,4,1,1,411,Potential Loyalist
CUST179,95,1,5.703782474656201,3,1,3,313,Potential Loyalist
CUST180,366,1,6.802394763324311,1,1,3,113,Lost Customers
CUST181,60,1,7.090076835776092,4,1,4,414,Potential Loyalist
CUST182,201,1,4.787491742782046,2,1,2,212,Lost Customers
CUST183,116,1,6.802394763324311,3,1,3,313,Potential Loyalist
CUST184,357,1,5.298317366548036,1,1,3,113,Lost Customers
CUST185,309,1,3.2188758248682006,1,1,1,111,Lost Customers
CUST186,181,1,5.298317366548036,3,1,3,313,Potential Loyalist
CUST187,209,1,4.605170185988092,2,1,2,212,Lost Customers
CUST188,244,1,4.31748811353631,2,1,2,212,Lost Customers
CUST189,337,1,3.912023005428146,1,1,1,111,Lost Customers
CUST190,243,1,4.499809670330265,2,1,2,212,Lost Customers
CUST191,76,1,3.2188758248682006,4,1,1,411,Potential Loyalist
CUST192,326,1,4.605170185988092,1,1,2,112,Lost Customers
CUST193,323,1,7.313220387090301,1,1,4,114,Lost Customers
CUST194,118,1,5.298317366548036,3,1,3,313,Potential Loyalist
CUST195,331,1,3.4011973816621555,1,1,1,111,Lost Customers
CUST196,94,1,6.802394763324311,3,1,3,313,Potential Loyalist
CUST197,302,1,5.298317366548036,1,1,3,113,Lost Customers
CUST198,301,1,6.802394763324311,1,1,3,113,Lost Customers
CUST199,29,1,7.313220387090301,4,1,4,414,Potential Loyalist
CUST200,123,1,5.0106352940962555,3,1,3,313,Potential Loyalist
CUST201,85,1,3.2188758248682006,4,1,1,411,Potential Loyalist
CUST202,282,1,7.090076835776092,1,1,4,114,Lost Customers
CUST203,231,1,6.907755278982137,2,1,4,214,Lost Customers
CUST204,96,1,3.2188758248682006,3,1,1,311,Potential Loyalist
CUST205,56,1,3.2188758248682006,4,1,1,411,Potential Loyalist
CUST206,150,1,3.2188758248682006,3,1,1,311,Potential Loyalist
CUST207,258,1,3.912023005428146,2,1,1,211,Lost Customers
CUST208,90,1,5.298317366548036,4,1,3,413,Potential Loyalist
CUST209,13,1,5.298317366548036,4,1,3,413,Potential Loyalist
CUST210,264,1,5.298317366548036,2,1,3,213,Lost Customers
CUST211,1,1,7.313220387090301,4,1,4,414,Potential Loyalist
CUST212,207,1,7.313220387090301,2,1,4,214,Lost Customers
CUST213,162,1,7.313220387090301,3,1,4,314,Potential Loyalist
CUST214,23,1,4.0943445622221,4,1,1,411,Potential Loyalist
CUST215,34,1,7.313220387090301,4,1,4,414,Potential Loyalist
CUST216,175,1,4.605170185988092,3,1,2,312,Potential Loyalist
CUST217,142,1,5.298317366548036,3,1,3,313,Potential Loyalist
CUST218,102,1,4.499809670330265,3,1,2,312,Potential Loyalist
CUST219,135,1,4.499809670330265,3,1,2,312,Potential Loyalist
CUST220,305,1,6.214608098422191,1,1,3,113,Lost Customers
CUST221,240,1,6.396929655216146,2,1,3,213,Lost Customers
CUST222,251,1,4.787491742782046,2,1,2,212,Lost Customers
CUST223,334,1,3.2188758248682006,1,1,1,111,Lost Customers
CUST224,193,1,3.912023005428146,2,1,1,211,Lost Customers
CUST225,356,1,4.605170185988092,1,1,2,112,Lost Customers
CUST226,65,1,3.912023005428146,4,1,1,411,Potential Loyalist
CUST227,83,1,4.605170185988092,4,1,2,412,Potential Loyalist
CUST228,249,1,4.0943445622221,2,1,1,211,Lost Customers
CUST229,65,1,4.499809670330265,4,1,2,412,Potential Loyalist
CUST230,254,1,3.2188758248682006,2,1,1,211,Lost Customers
CUST231,363,1,5.0106352940962555,1,1,3,113,Lost Customers
CUST232,330,1,3.2188758248682006,1,1,1,111,Lost Customers
CUST233,4,1,6.396929655216146,4,1,3,413,Potential Loyalist
CUST234,43,1,3.912023005428146,4,1,1,411,Potential Loyalist
CUST235,336,1,6.907755278982137,1,1,4,114,Lost Customers
CUST236,249,1,3.2188758248682006,2,1,1,211,Lost Customers
CUST237,332,1,6.907755278982137,1,1,4,114,Lost Customers
CUST238,350,1,6.214608098422191,1,1,3,113,Lost Customers
CUST239,197,1,7.313220387090301,2,1,4,214,Lost Customers
CUST240,330,1,5.703782474656201,1,1,3,113,Lost Customers
CUST241,103,1,4.31748811353631,3,1,2,312,Potential Loyalist
CUST242,245,1,3.2188758248682006,2,1,1,211,Lost Customers
CUST243,224,1,6.802394763324311,2,1,3,213,Lost Customers
CUST244,24,1,4.605170185988092,4,1,2,412,Potential Loyalist
CUST245,118,1,4.499809670330265,3,1,2,312,Potential Loyalist
CUST246,257,1,3.912023005428146,2,1,1,211,Lost Customers
CUST247,90,1,4.0943445622221,4,1,1,411,Potential Loyalist
CUST248,299,1,6.802394763324311,1,1,3,113,Lost Customers
CUST249,74,1,3.912023005428146,4,1,1,411,Potential Loyalist
CUST250,71,1,3.912023005428146,4,2,1,421,Potential Loyalist
CUST251,124,1,5.298317366548036,3,2,3,323,Potential Loyalist
CUST252,242,1,5.703782474656201,2,2,3,223,Lost Customers
CUST253,124,1,7.600902459542082,3,2,4,324,Potential Loyalist
CUST254,158,1,6.214608098422191,3,2,3,323,Potential Loyalist
CUST255,269,1,3.4011973816621555,2,2,1,221,Lost Customers
CUST256,318,1,6.907755278982137,1,2,4,124,Lost Customers
CUST257,317,1,7.600902459542082,1,2,4,124,Lost Customers
CUST258,29,1,3.912023005428146,4,2,1,421,Potential Loyalist
CUST259,146,1,5.298317366548036,3,2,3,323,Potential Loyalist
CUST260,185,1,4.0943445622221,3,2,1,321,Potential Loyalist
CUST261,150,1,3.912023005428146,3,2,1,321,Potential Loyalist
CUST262,156,1,4.787491742782046,3,2,2,322,Potential Loyalist
CUST263,127,1,4.0943445622221,3,2,1,321,Potential Loyalist
CUST264,339,1,6.802394763324311,1,2,3,123,Lost Customers
CUST265,22,1,6.802394763324311,4,2,3,423,Potential Loyalist
CUST266,32,1,4.0943445622221,4,2,1,421,Potential Loyalist
CUST267,36,1,4.499809670330265,4,2,2,422,Potential Loyalist
CUST268,316,1,3.4011973816621555,1,2,1,121,Lost Customers
CUST269,335,1,7.600902459542082,1,2,4,124,Lost Customers
CUST270,160,1,5.703782474656201,3,2,3,323,Potential Loyalist
CUST271,193,1,4.787491742782046,2,2,2,222,Lost Customers
CUST272,311,1,4.605170185988092,1,2,2,122,Lost Customers
CUST273,239,1,3.912023005428146,2,2,1,221,Lost Customers
CUST274,268,1,6.907755278982137,2,2,4,224,Lost Customers
CUST275,269,1,6.907755278982137,2,2,4,224,Lost Customers
CUST276,92,1,4.605170185988092,3,2,2,322,Potential Loyalist
CUST277,137,1,4.605170185988092,3,2,2,322,Potential Loyalist
CUST278,295,1,4.605170185988092,1,2,2,122,Lost Customers
CUST279,150,1,6.214608098422191,3,2,3,323,Potential Loyalist
CUST280,273,1,7.313220387090301,1,2,4,124,Lost Customers
CUST281,224,1,7.600902459542082,2,2,4,224,Lost Customers
CUST282,130,1,5.298317366548036,3,2,3,323,Potential Loyalist
CUST283,239,1,6.214608098422191,2,2,3,223,Lost Customers
CUST284,328,1,5.298317366548036,1,2,3,123,Lost Customers
CUST285,140,1,3.2188758248682006,3,2,1,321,Potential Loyalist
CUST286,85,1,3.912023005428146,4,2,1,421,Potential Loyalist
CUST287,316,1,4.605170185988092,1,2,2,122,Lost Customers
CUST288,341,1,4.787491742782046,1,2,2,122,Lost Customers
CUST289,33,1,4.0943445622221,4,2,1,421,Potential Loyalist
CUST290,90,1,6.396929655216146,4,2,3,423,Potential Loyalist
CUST291,359,1,6.396929655216146,1,2,3,123,Lost Customers
CUST292,319,1,7.090076835776092,1,2,4,124,Lost Customers
CUST293,245,1,4.499809670330265,2,2,2,222,Lost Customers
CUST294,281,1,4.499809670330265,1,2,2,122,Lost Customers
CUST295,158,1,6.802394763324311,3,2,3,323,Potential Loyalist
CUST296,118,1,7.090076835776092,3,2,4,324,Potential Loyalist
CUST297,120,1,6.907755278982137,3,2,4,324,Potential Loyalist
CUST298,257,1,7.090076835776092,2,2,4,224,Lost Customers
CUST299,161,1,6.907755278982137,3,2,4,324,Potential Loyalist
CUST300,336,1,5.298317366548036,1,2,3,123,Lost Customers
CUST301,282,1,4.787491742782046,1,2,2,122,Lost Customers
CUST302,172,1,6.396929655216146,3,2,3,323,Potential Loyalist
CUST303,365,1,4.499809670330265,1,2,2,122,Lost Customers
CUST304,167,1,4.0943445622221,3,2,1,321,Potential Loyalist
CUST305,231,1,3.4011973816621555,2,2,1,221,Lost Customers
CUST306,134,1,3.912023005428146,3,2,1,321,Potential Loyalist
CUST307,220,1,3.912023005428146,2,2,1,221,Lost Customers
CUST308,150,1,7.090076835776092,3,2,4,324,Potential Loyalist
CUST309,10,1,3.2188758248682006,4,2,1,421,Potential Loyalist
CUST310,82,1,3.2188758248682006,4,2,1,421,Potential Loyalist
CUST311,28,1,4.605170185988092,4,2,2,422,Potential Loyalist
CUST312,117,1,4.787491742782046,3,2,2,322,Potential Loyalist
CUST313,287,1,7.313220387090301,1,2,4,124,Lost Customers
CUST314,269,1,4.787491742782046,2,2,2,222,Lost Customers
CUST315,215,1,4.0943445622221,2,2,1,221,Lost Customers
CUST316,255,1,3.912023005428146,2,2,1,221,Lost Customers
CUST317,337,1,4.499809670330265,1,2,2,122,Lost Customers
CUST318,70,1,3.2188758248682006,4,2,1,421,Potential Loyalist
CUST319,89,1,6.214608098422191,4,2,3,423,Potential Loyalist
CUST320,335,1,7.090076835776092,1,2,4,124,Lost Customers
CUST321,206,1,3.912023005428146,2,2,1,221,Lost Customers
CUST322,337,1,6.214608098422191,1,2,3,123,Lost Customers
CUST323,341,1,6.802394763324311,1,2,3,123,Lost Customers
CUST324,67,1,5.0106352940962555,4,2,3,423,Potential Loyalist
CUST325,122,1,3.912023005428146,3,2,1,321,Potential Loyalist
CUST326,109,1,4.31748811353631,3,2,2,322,Potential Loyalist
CUST327,95,1,5.0106352940962555,3,2,3,323,Potential Loyalist
CUST328,286,1,4.605170185988092,1,2,2,122,Lost Customers
CUST329,337,1,4.605170185988092,1,2,2,122,Lost Customers
CUST330,106,1,5.298317366548036,3,2,3,323,Potential Loyalist
CUST331,325,1,4.499809670330265,1,2,2,122,Lost Customers
CUST332,271,1,7.090076835776092,1,2,4,124,Lost Customers
CUST333,331,1,7.090076835776092,1,2,4,124,Lost Customers
CUST334,62,1,6.802394763324311,4,2,3,423,Potential Loyalist
CUST335,332,1,4.787491742782046,1,2,2,122,Lost Customers
CUST336,21,1,5.0106352940962555,4,2,3,423,Potential Loyalist
CUST337,246,1,6.214608098422191,2,2,3,223,Lost Customers
CUST338,160,1,4.605170185988092,3,2,2,322,Potential Loyalist
CUST339,305,1,3.912023005428146,1,2,1,121,Lost Customers
CUST340,75,1,7.090076835776092,4,2,4,424,Potential Loyalist
CUST341,240,1,5.298317366548036,2,2,3,223,Lost Customers
CUST342,70,1,7.600902459542082,4,2,4,424,Potential Loyalist
CUST343,62,1,3.912023005428146,4,2,1,421,Potential Loyalist
CUST344,346,1,3.4011973816621555,1,2,1,121,Lost Customers
CUST345,49,1,3.4011973816621555,4,2,1,421,Potential Loyalist
CUST346,325,1,6.907755278982137,1,2,4,124,Lost Customers
CUST347,152,1,3.2188758248682006,3,2,1,321,Potential Loyalist
CUST348,30,1,6.396929655216146,4,2,3,423,Potential Loyalist
CUST349,68,1,3.912023005428146,4,2,1,421,Potential Loyalist
CUST350,77,1,4.31748811353631,4,2,2,422,Potential Loyalist
CUST351,99,1,4.499809670330265,3,2,2,322,Potential Loyalist
CUST352,205,1,6.907755278982137,2,2,4,224,Lost Customers
CUST353,233,1,6.214608098422191,2,2,3,223,Lost Customers
CUST354,262,1,5.298317366548036,2,2,3,223,Lost Customers
CUST355,24,1,6.214608098422191,4,2,3,423,Potential Loyalist
CUST356,206,1,7.313220387090301,2,2,4,224,Lost Customers
CUST357,244,1,4.31748811353631,2,2,2,222,Lost Customers
CUST358,231,1,5.703782474656201,2,2,3,223,Lost Customers
CUST359,164,1,3.912023005428146,3,2,1,321,Potential Loyalist
CUST360,299,1,4.605170185988092,1,2,2,122,Lost Customers
CUST361,23,1,7.090076835776092,4,2,4,424,Potential Loyalist
CUST362,36,1,3.2188758248682006,4,2,1,421,Potential Loyalist
CUST363,213,1,3.2188758248682006,2,2,1,221,Lost Customers
CUST364,132,1,6.214608098422191,3,2,3,323,Potential Loyalist
CUST365,205,1,5.703782474656201,2,2,3,223,Lost Customers
CUST366,329,1,4.605170185988092,1,2,2,122,Lost Customers
CUST367,362,1,3.912023005428146,1,2,1,121,Lost Customers
CUST368,132,1,7.090076835776092,3,2,4,324,Potential Loyalist
CUST369,48,1,7.313220387090301,4,2,4,424,Potential Loyalist
CUST370,78,1,4.0943445622221,4,2,1,421,Potential Loyalist
CUST371,315,1,3.2188758248682006,1,2,1,121,Lost Customers
CUST372,329,1,7.313220387090301,1,2,4,124,Lost Customers
CUST373,91,1,6.396929655216146,3,2,3,323,Potential Loyalist
CUST374,257,1,4.31748811353631,2,2,2,222,Lost Customers
CUST375,107,1,3.912023005428146,3,2,1,321,Potential Loyalist
CUST376,231,1,3.4011973816621555,2,2,1,221,Lost Customers
CUST377,299,1,5.298317366548036,1,2,3,123,Lost Customers
CUST378,188,1,5.703782474656201,2,2,3,223,Lost Customers
CUST379,331,1,3.2188758248682006,1,2,1,121,Lost Customers
CUST380,241,1,6.396929655216146,2,2,3,223,Lost Customers
CUST381,177,1,4.605170185988092,3,2,2,322,Potential Loyalist
CUST382,221,1,6.907755278982137,2,2,4,224,Lost Customers
CUST383,286,1,4.499809670330265,1,2,2,122,Lost Customers
CUST384,142,1,6.214608098422191,3,2,3,323,Potential Loyalist
CUST385,88,1,7.313220387090301,4,2,4,424,Potential Loyalist
CUST386,6,1,6.396929655216146,4,2,3,423,Potential Loyalist
CUST387,212,1,3.4011973816621555,2,2,1,221,Lost Customers
CUST388,53,1,3.2188758248682006,4,2,1,421,Potential Loyalist
CUST389,32,1,3.912023005428146,4,2,1,421,Potential Loyalist
CUST390,96,1,4.605170185988092,3,2,2,322,Potential Loyalist
CUST391,362,1,3.912023005428146,1,2,1,121,Lost Customers
CUST392,25,1,6.396929655216146,4,2,3,423,Potential Loyalist
CUST393,83,1,6.907755278982137,4,2,4,424,Potential Loyalist
CUST394,213,1,6.214608098422191,2,2,3,223,Lost Customers
CUST395,27,1,6.907755278982137,4,2,4,424,Potential Loyalist
CUST396,313,1,3.4011973816621555,1,2,1,121,Lost Customers
CUST397,298,1,3.2188758248682006,1,2,1,121,Lost Customers
CUST398,231,1,6.396929655216146,2,2,3,223,Lost Customers
CUST399,307,1,4.0943445622221,1,2,1,121,Lost Customers
CUST400,312,1,5.298317366548036,1,2,3,123,Lost Customers
CUST401,83,1,5.703782474656201,4,2,3,423,Potential Loyalist
CUST402,287,1,6.396929655216146,1,2,3,123,Lost Customers
CUST403,227,1,6.396929655216146,2,2,3,223,Lost Customers
CUST404,222,1,6.907755278982137,2,2,4,224,Lost Customers
CUST405,57,1,7.090076835776092,4,2,4,424,Potential Loyalist
CUST406,259,1,4.605170185988092,2,2,2,222,Lost Customers
CUST407,191,1,6.802394763324311,2,2,3,223,Lost Customers
CUST408,262,1,6.214608098422191,2,2,3,223,Lost Customers
CUST409,15,1,6.802394763324311,4,2,3,423,Potential Loyalist
CUST410,42,1,4.605170185988092,4,2,2,422,Potential Loyalist
CUST411,231,1,5.298317366548036,2,2,3,223,Lost Customers
CUST412,108,1,7.600902459542082,3,2,4,324,Potential Loyalist
CUST413,116,1,4.31748811353631,3,2,2,322,Potential Loyalist
CUST414,238,1,4.605170185988092,2,2,2,222,Lost Customers
CUST415,340,1,4.0943445622221,1,2,1,121,Lost Customers
CUST416,319,1,7.600902459542082,1,2,4,124,Lost Customers
CUST417,42,1,6.802394763324311,4,2,3,423,Potential Loyalist
CUST418,150,1,6.907755278982137,3,2,4,324,Potential Loyalist
CUST419,225,1,4.499809670330265,2,2,2,222,Lost Customers
CUST420,344,1,7.600902459542082,1,2,4,124,Lost Customers
CUST421,365,1,7.313220387090301,1,2,4,124,Lost Customers
CUST422,196,1,4.499809670330265,2,2,2,222,Lost Customers
CUST423,300,1,3.2188758248682006,1,2,1,121,Lost Customers
CUST424,40,1,7.090076835776092,4,2,4,424,Potential Loyalist
CUST425,232,1,4.787491742782046,2,2,2,222,Lost Customers
CUST426,284,1,5.0106352940962555,1,2,3,123,Lost Customers
CUST427,140,1,3.2188758248682006,3,2,1,321,Potential Loyalist
CUST428,84,1,5.298317366548036,4,2,3,423,Potential Loyalist
CUST429,5,1,3.912023005428146,4,2,1,421,Potential Loyalist
CUST430,148,1,6.802394763324311,3,2,3,323,Potential Loyalist
CUST431,79,1,7.090076835776092,4,2,4,424,Potential Loyalist
CUST432,362,1,6.907755278982137,1,2,4,124,Lost Customers
CUST433,309,1,5.298317366548036,1,2,3,123,Lost Customers
CUST434,328,1,3.912023005428146,1,2,1,121,Lost Customers
CUST435,13,1,6.802394763324311,4,2,3,423,Potential Loyalist
CUST436,290,1,4.787491742782046,1,2,2,122,Lost Customers
CUST437,87,1,7.090076835776092,4,2,4,424,Potential Loyalist
CUST438,348,1,3.4011973816621555,1,2,1,121,Lost Customers
CUST439,177,1,4.31748811353631,3,2,2,322,Potential Loyalist
CUST440,68,1,6.396929655216146,4,2,3,423,Potential Loyalist
CUST441,84,1,7.090076835776092,4,2,4,424,Potential Loyalist
CUST442,291,1,4.605170185988092,1,2,2,122,Lost Customers
CUST443,146,1,6.396929655216146,3,2,3,323,Potential Loyalist
CUST444,301,1,4.499809670330265,1,2,2,122,Lost Customers
CUST445,345,1,5.703782474656201,1,2,3,123,Lost Customers
CUST446,209,1,3.912023005428146,2,2,1,221,Lost Customers
CUST447,180,1,7.600902459542082,3,2,4,324,Potential Loyalist
CUST448,346,1,4.0943445622221,1,2,1,121,Lost Customers
CUST449,183,1,5.298317366548036,3,2,3,323,Potential Loyalist
CUST450,259,1,3.912023005428146,2,2,1,221,Lost Customers
CUST451,17,1,3.4011973816621555,4,2,1,421,Potential Loyalist
CUST452,239,1,7.313220387090301,2,2,4,224,Lost Customers
CUST453,25,1,6.907755278982137,4,2,4,424,Potential Loyalist
CUST454,314,1,3.2188758248682006,1,2,1,121,Lost Customers
CUST455,185,1,4.605170185988092,3,2,2,322,Potential Loyalist
CUST456,80,1,4.0943445622221,4,2,1,421,Potential Loyalist
CUST457,158,1,6.802394763324311,3,2,3,323,Potential Loyalist
CUST458,49,1,4.605170185988092,4,2,2,422,Potential Loyalist
CUST459,287,1,7.090076835776092,1,2,4,124,Lost Customers
CUST460,245,1,3.912023005428146,2,2,1,221,Lost Customers
CUST461,283,1,6.907755278982137,1,2,4,124,Lost Customers
CUST462,276,1,7.090076835776092,1,2,4,124,Lost Customers
CUST463,155,1,7.313220387090301,3,2,4,324,Potential Loyalist
CUST464,354,1,6.396929655216146,1,2,3,123,Lost Customers
CUST465,275,1,5.0106352940962555,1,2,3,123,Lost Customers
CUST466,196,1,4.605170185988092,2,2,2,222,Lost Customers
CUST467,156,1,5.0106352940962555,3,2,3,323,Potential Loyalist
CUST468,24,1,3.2188758248682006,4,2,1,421,Potential Loyalist
CUST469,239,1,4.31748811353631,2,2,2,222,Lost Customers
CUST470,230,1,6.907755278982137,2,2,4,224,Lost Customers
CUST471,285,1,5.0106352940962555,1,2,3,123,Lost Customers
CUST472,7,1,6.802394763324311,4,2,3,423,Potential Loyalist
CUST473,311,1,3.912023005428146,1,2,1,121,Lost Customers
CUST474,171,1,7.313220387090301,3,2,4,324,Potential Loyalist
CUST475,347,1,4.31748811353631,1,2,2,122,Lost Customers
CUST476,126,1,7.600902459542082,3,2,4,324,Potential Loyalist
CUST477,253,1,4.787491742782046,2,2,2,222,Lost Customers
CUST478,264,1,4.0943445622221,2,2,1,221,Lost Customers
CUST479,131,1,7.090076835776092,3,2,4,324,Potential Loyalist
CUST480,187,1,7.600902459542082,2,2,4,224,Lost Customers
CUST481,210,1,7.090076835776092,2,2,4,224,Lost Customers
CUST482,250,1,7.090076835776092,2,2,4,224,Lost Customers
CUST483,252,1,3.4011973816621555,2,2,1,221,Lost Customers
CUST484,354,1,7.090076835776092,1,2,4,124,Lost Customers
CUST485,29,1,3.4011973816621555,4,2,1,421,Potential Loyalist
CUST486,268,1,3.2188758248682006,2,2,1,221,Lost Customers
CUST487,162,1,7.600902459542082,3,2,4,324,Potential Loyalist
CUST488,198,1,6.802394763324311,2,2,3,223,Lost Customers
CUST489,224,1,3.4011973816621555,2,2,1,221,Lost Customers
CUST490,331,1,5.0106352940962555,1,2,3,123,Lost Customers
CUST491,224,1,6.802394763324311,2,2,3,223,Lost Customers
CUST492,187,1,4.605170185988092,2,2,2,222,Lost Customers
CUST493,38,1,3.912023005428146,4,2,1,421,Potential Loyalist
CUST494,106,1,5.298317366548036,3,2,3,323,Potential Loyalist
CUST495,162,1,4.0943445622221,3,2,1,321,Potential Loyalist
CUST496,19,1,6.396929655216146,4,2,3,423,Potential Loyalist
CUST497,92,1,4.787491742782046,3,2,2,322,Potential Loyalist
CUST498,197,1,4.605170185988092,2,2,2,222,Lost Customers
CUST499,352,1,4.0943445622221,1,2,1,121,Lost Customers
CUST500,307,1,4.605170185988092,1,3,2,132,Loyal Customers
CUST501,233,1,4.0943445622221,2,3,1,231,Loyal Customers
CUST502,275,1,5.0106352940962555,1,3,3,133,Loyal Customers
CUST503,69,1,7.600902459542082,4,3,4,434,Loyal Customers
CUST504,231,1,5.0106352940962555,2,3,3,233,Loyal Customers
CUST505,347,1,3.912023005428146,1,3,1,131,Loyal Customers
CUST506,311,1,7.313220387090301,1,3,4,134,Loyal Customers
CUST507,61,1,7.313220387090301,4,3,4,434,Loyal Customers
CUST508,144,1,6.396929655216146,3,3,3,333,Loyal Customers
CUST509,190,1,6.802394763324311,2,3,3,233,Loyal Customers
CUST510,206,1,5.298317366548036,2,3,3,233,Loyal Customers
CUST511,143,1,4.605170185988092,3,3,2,332,Loyal Customers
CUST512,56,1,3.2188758248682006,4,3,1,431,Loyal Customers
CUST513,105,1,4.605170185988092,3,3,2,332,Loyal Customers
CUST514,307,1,5.703782474656201,1,3,3,133,Loyal Customers
CUST515,169,1,6.802394763324311,3,3,3,333,Loyal Customers
CUST516,71,1,4.605170185988092,4,3,2,432,Loyal Customers
CUST517,269,1,4.605170185988092,2,3,2,232,Loyal Customers
CUST518,236,1,3.4011973816621555,2,3,1,231,Loyal Customers
CUST519,344,1,4.787491742782046,1,3,2,132,Loyal Customers
CUST520,4,1,4.605170185988092,4,3,2,432,Loyal Customers
CUST521,143,1,4.787491742782046,3,3,2,332,Loyal Customers
CUST522,366,1,7.313220387090301,1,3,4,134,Loyal Customers
CUST523,100,1,5.703782474656201,3,3,3,333,Loyal Customers
CUST524,91,1,7.090076835776092,3,3,4,334,Loyal Customers
CUST525,15,1,3.912023005428146,4,3,1,431,Loyal Customers
CUST526,23,1,4.605170185988092,4,3,2,432,Loyal Customers
CUST527,266,1,3.912023005428146,2,3,1,231,Loyal Customers
CUST528,180,1,4.0943445622221,3,3,1,331,Loyal Customers
CUST529,146,1,5.0106352940962555,3,3,3,333,Loyal Customers
CUST530,331,1,4.787491742782046,1,3,2,132,Loyal Customers
CUST531,26,1,6.214608098422191,4,3,3,433,Loyal Customers
CUST532,197,1,4.787491742782046,2,3,2,232,Loyal Customers
CUST533,47,1,7.313220387090301,4,3,4,434,Loyal Customers
CUST534,206,1,6.907755278982137,2,3,4,234,Loyal Customers
CUST535,27,1,4.499809670330265,4,3,2,432,Loyal Customers
CUST536,303,1,4.787491742782046,1,3,2,132,Loyal Customers
CUST537,213,1,6.214608098422191,2,3,3,233,Loyal Customers
CUST538,107,1,5.0106352940962555,3,3,3,333,Loyal Customers
CUST539,208,1,6.214608098422191,2,3,3,233,Loyal Customers
CUST540,25,1,6.802394763324311,4,3,3,433,Loyal Customers
CUST541,157,1,6.214608098422191,3,3,3,333,Loyal Customers
CUST542,199,1,3.912023005428146,2,3,1,231,Loyal Customers
CUST543,160,1,6.396929655216146,3,3,3,333,Loyal Customers
CUST544,10,1,3.2188758248682006,4,3,1,431,Loyal Customers
CUST545,215,1,3.912023005428146,2,3,1,231,Loyal Customers
CUST546,83,1,5.298317366548036,4,3,3,433,Loyal Customers
CUST547,301,1,7.600902459542082,1,3,4,134,Loyal Customers
CUST548,268,1,4.0943445622221,2,3,1,231,Loyal Customers
CUST549,151,1,4.605170185988092,3,3,2,332,Loyal Customers
CUST550,26,1,6.802394763324311,4,3,3,433,Loyal Customers
CUST551,172,1,6.802394763324311,3,3,3,333,Loyal Customers
CUST552,20,1,4.31748811353631,4,3,2,432,Loyal Customers
CUST553,277,1,7.090076835776092,1,3,4,134,Loyal Customers
CUST554,51,1,5.0106352940962555,4,3,3,433,Loyal Customers
CUST555,75,1,5.703782474656201,4,3,3,433,Loyal Customers
CUST556,212,1,3.912023005428146,2,3,1,231,Loyal Customers
CUST557,159,1,4.499809670330265,3,3,2,332,Loyal Customers
CUST558,86,1,3.2188758248682006,4,3,1,431,Loyal Customers
CUST559,366,1,7.090076835776092,1,3,4,134,Loyal Customers
CUST560,211,1,3.912023005428146,2,3,1,231,Loyal Customers
CUST561,220,1,7.600902459542082,2,3,4,234,Loyal Customers
CUST562,259,1,3.912023005428146,2,3,1,231,Loyal Customers
CUST563,146,1,4.0943445622221,3,3,1,331,Loyal Customers
CUST564,70,1,4.605170185988092,4,3,2,432,Loyal Customers
CUST565,56,1,4.0943445622221,4,3,1,431,Loyal Customers
CUST566,31,1,3.4011973816621555,4,3,1,431,Loyal Customers
CUST567,202,1,6.802394763324311,2,3,3,233,Loyal Customers
CUST568,128,1,5.703782474656201,3,3,3,333,Loyal Customers
CUST569,140,1,5.298317366548036,3,3,3,333,Loyal Customers
CUST570,140,1,6.214608098422191,3,3,3,333,Loyal Customers
CUST571,21,1,3.912023005428146,4,3,1,431,Loyal Customers
CUST572,257,1,7.600902459542082,2,3,4,234,Loyal Customers
CUST573,105,1,4.0943445622221,3,3,1,331,Loyal Customers
CUST574,124,1,3.912023005428146,3,3,1,331,Loyal Customers
CUST575,280,1,4.605170185988092,1,3,2,132,Loyal Customers
CUST576,29,1,5.0106352940962555,4,3,3,433,Loyal Customers
CUST577,323,1,7.600902459542082,1,3,4,134,Loyal Customers
CUST578,221,1,4.787491742782046,2,3,2,232,Loyal Customers
CUST579,103,1,3.4011973816621555,3,3,1,331,Loyal Customers
CUST580,27,1,7.313220387090301,4,3,4,434,Loyal Customers
CUST581,42,1,4.0943445622221,4,3,1,431,Loyal Customers
CUST582,49,1,6.802394763324311,4,3,3,433,Loyal Customers
CUST583,195,1,4.605170185988092,2,3,2,232,Loyal Customers
CUST584,319,1,5.298317366548036,1,3,3,133,Loyal Customers
CUST585,246,1,3.2188758248682006,2,3,1,231,Loyal Customers
CUST586,22,1,3.912023005428146,4,3,1,431,Loyal Customers
CUST587,208,1,7.090076835776092,2,3,4,234,Loyal Customers
CUST588,251,1,4.0943445622221,2,3,1,231,Loyal Customers
CUST589,265,1,6.907755278982137,2,3,4,234,Loyal Customers
CUST590,291,1,6.802394763324311,1,3,3,133,Loyal Customers
CUST591,354,1,4.605170185988092,1,3,2,132,Loyal Customers
CUST592,343,1,7.600902459542082,1,3,4,134,Loyal Customers
CUST593,241,1,4.0943445622221,2,3,1,231,Loyal Customers
CUST594,123,1,6.396929655216146,3,3,3,333,Loyal Customers
CUST595,54,1,7.600902459542082,4,3,4,434,Loyal Customers
CUST596,329,1,5.703782474656201,1,3,3,133,Loyal Customers
CUST597,133,1,7.090076835776092,3,3,4,334,Loyal Customers
CUST598,154,1,4.787491742782046,3,3,2,332,Loyal Customers
CUST599,44,1,4.605170185988092,4,3,2,432,Loyal Customers
CUST600,72,1,6.907755278982137,4,3,4,434,Loyal Customers
CUST601,267,1,3.4011973816621555,2,3,1,231,Loyal Customers
CUST602,10,1,5.703782474656201,4,3,3,433,Loyal Customers
CUST603,170,1,4.499809670330265,3,3,2,332,Loyal Customers
CUST604,113,1,5.298317366548036,3,3,3,333,Loyal Customers
CUST605,162,1,6.907755278982137,3,3,4,334,Loyal Customers
CUST606,242,1,3.912023005428146,2,3,1,231,Loyal Customers
CUST607,291,1,4.31748811353631,1,3,2,132,Loyal Customers
CUST608,31,1,7.313220387090301,4,3,4,434,Loyal Customers
CUST609,14,1,4.605170185988092,4,3,2,432,Loyal Customers
CUST610,364,1,6.396929655216146,1,3,3,133,Loyal Customers
CUST611,312,1,7.313220387090301,1,3,4,134,Loyal Customers
CUST612,149,1,6.214608098422191,3,3,3,333,Loyal Customers
CUST613,254,1,4.499809670330265,2,3,2,232,Loyal Customers
CUST614,276,1,7.090076835776092,1,3,4,134,Loyal Customers
CUST615,10,1,4.605170185988092,4,3,2,432,Loyal Customers
CUST616,101,1,4.605170185988092,3,3,2,332,Loyal Customers
CUST617,129,1,3.4011973816621555,3,3,1,331,Loyal Customers
CUST618,341,1,3.912023005428146,1,3,1,131,Loyal Customers
CUST619,81,1,4.605170185988092,4,3,2,432,Loyal Customers
CUST620,239,1,4.31748811353631,2,3,2,232,Loyal Customers
CUST621,304,1,6.907755278982137,1,3,4,134,Loyal Customers
CUST622,133,1,4.31748811353631,3,3,2,332,Loyal Customers
CUST623,298,1,5.0106352940962555,1,3,3,133,Loyal Customers
CUST624,129,1,6.802394763324311,3,3,3,333,Loyal Customers
CUST625,25,1,5.703782474656201,4,3,3,433,Loyal Customers
CUST626,95,1,7.600902459542082,3,3,4,334,Loyal Customers
CUST627,80,1,3.912023005428146,4,3,1,431,Loyal Customers
CUST628,62,1,5.298317366548036,4,3,3,433,Loyal Customers
CUST629,204,1,3.912023005428146,2,3,1,231,Loyal Customers
CUST630,140,1,4.605170185988092,3,3,2,332,Loyal Customers
CUST631,53,1,4.499809670330265,4,3,2,432,Loyal Customers
CUST632,108,1,4.605170185988092,3,3,2,332,Loyal Customers
CUST633,148,1,4.787491742782046,3,3,2,332,Loyal Customers
CUST634,86,1,7.600902459542082,4,3,4,434,Loyal Customers
CUST635,138,1,6.802394763324311,3,3,3,333,Loyal Customers
CUST636,285,1,7.313220387090301,1,3,4,134,Loyal Customers
CUST637,123,1,6.396929655216146,3,3,3,333,Loyal Customers
CUST638,136,1,6.214608098422191,3,3,3,333,Loyal Customers
CUST639,234,1,5.298317366548036,2,3,3,233,Loyal Customers
CUST640,240,1,4.787491742782046,2,3,2,232,Loyal Customers
CUST641,40,1,5.703782474656201,4,3,3,433,Loyal Customers
CUST642,225,1,4.605170185988092,2,3,2,232,Loyal Customers
CUST643,100,1,4.499809670330265,3,3,2,332,Loyal Customers
CUST644,118,1,4.31748811353631,3,3,2,332,Loyal Customers
CUST645,46,1,4.787491742782046,4,3,2,432,Loyal Customers
CUST646,244,1,4.499809670330265,2,3,2,232,Loyal Customers
CUST647,226,1,7.313220387090301,2,3,4,234,Loyal Customers
CUST648,141,1,7.090076835776092,3,3,4,334,Loyal Customers
CUST649,327,1,6.396929655216146,1,3,3,133,Loyal Customers
CUST650,1,1,3.4011973816621555,4,3,1,431,Loyal Customers
CUST651,220,1,5.0106352940962555,2,3,3,233,Loyal Customers
CUST652,246,1,4.605170185988092,2,3,2,232,Loyal Customers
CUST653,227,1,4.31748811353631,2,3,2,232,Loyal Customers
CUST654,195,1,4.31748811353631,2,3,2,232,Loyal Customers
CUST655,203,1,6.214608098422191,2,3,3,233,Loyal Customers
CUST656,90,1,4.499809670330265,4,3,2,432,Loyal Customers
CUST657,325,1,3.2188758248682006,1,3,1,131,Loyal Customers
CUST658,296,1,3.2188758248682006,1,3,1,131,Loyal Customers
CUST659,289,1,3.4011973816621555,1,3,1,131,Loyal Customers
CUST660,248,1,6.907755278982137,2,3,4,234,Loyal Customers
CUST661,170,1,4.605170185988092,3,3,2,332,Loyal Customers
CUST662,11,1,6.907755278982137,4,3,4,434,Loyal Customers
CUST663,288,1,7.090076835776092,1,3,4,134,Loyal Customers
CUST664,5,1,7.600902459542082,4,3,4,434,Loyal Customers
CUST665,257,1,3.912023005428146,2,3,1,231,Loyal Customers
CUST666,334,1,5.0106352940962555,1,3,3,133,Loyal Customers
CUST667,154,1,6.214608098422191,3,3,3,333,Loyal Customers
CUST668,158,1,5.0106352940962555,3,3,3,333,Loyal Customers
CUST669,197,1,7.090076835776092,2,3,4,234,Loyal Customers
CUST670,89,1,3.4011973816621555,4,3,1,431,Loyal Customers
CUST671,128,1,5.0106352940962555,3,3,3,333,Loyal Customers
CUST672,154,1,4.605170185988092,3,3,2,332,Loyal Customers
CUST673,335,1,7.313220387090301,1,3,4,134,Loyal Customers
CUST674,261,1,5.703782474656201,2,3,3,233,Loyal Customers
CUST675,151,1,4.0943445622221,3,3,1,331,Loyal Customers
CUST676,167,1,7.313220387090301,3,3,4,334,Loyal Customers
CUST677,67,1,7.313220387090301,4,3,4,434,Loyal Customers
CUST678,10,1,6.802394763324311,4,3,3,433,Loyal Customers
CUST679,356,1,4.499809670330265,1,3,2,132,Loyal Customers
CUST680,72,1,6.802394763324311,4,3,3,433,Loyal Customers
CUST681,172,1,4.0943445622221,3,3,1,331,Loyal Customers
CUST682,122,1,7.090076835776092,3,3,4,334,Loyal Customers
CUST683,363,1,6.907755278982137,1,3,4,134,Loyal Customers
CUST684,186,1,6.907755278982137,3,3,4,334,Loyal Customers
CUST685,214,1,3.912023005428146,2,3,1,231,Loyal Customers
CUST686,167,1,5.298317366548036,3,3,3,333,Loyal Customers
CUST687,152,1,5.703782474656201,3,3,3,333,Loyal Customers
CUST688,91,1,4.605170185988092,3,3,2,332,Loyal Customers
CUST689,87,1,4.605170185988092,4,3,2,432,Loyal Customers
CUST690,58,1,6.802394763324311,4,3,3,433,Loyal Customers
CUST691,254,1,4.499809670330265,2,3,2,232,Loyal Customers
CUST692,117,1,4.605170185988092,3,3,2,332,Loyal Customers
CUST693,254,1,7.313220387090301,2,3,4,234,Loyal Customers
CUST694,227,1,3.912023005428146,2,3,1,231,Loyal Customers
CUST695,143,1,5.0106352940962555,3,3,3,333,Loyal Customers
CUST696,118,1,5.298317366548036,3,3,3,333,Loyal Customers
CUST697,352,1,6.214608098422191,1,3,3,133,Loyal Customers
CUST698,167,1,5.703782474656201,3,3,3,333,Loyal Customers
CUST699,194,1,4.787491742782046,2,3,2,232,Loyal Customers
CUST700,24,1,7.600902459542082,4,3,4,434,Loyal Customers
CUST701,19,1,4.0943445622221,4,3,1,431,Loyal Customers
CUST702,159,1,6.396929655216146,3,3,3,333,Loyal Customers
CUST703,282,1,4.605170185988092,1,3,2,132,Loyal Customers
CUST704,127,1,4.499809670330265,3,3,2,332,Loyal Customers
CUST705,301,1,3.912023005428146,1,3,1,131,Loyal Customers
CUST706,48,1,4.605170185988092,4,3,2,432,Loyal Customers
CUST707,93,1,6.214608098422191,3,3,3,333,Loyal Customers
CUST708,353,1,6.802394763324311,1,3,3,133,Loyal Customers
CUST709,165,1,6.907755278982137,3,3,4,334,Loyal Customers
CUST710,63,1,7.313220387090301,4,3,4,434,Loyal Customers
CUST711,78,1,7.313220387090301,4,3,4,434,Loyal Customers
CUST712,27,1,3.912023005428146,4,3,1,431,Loyal Customers
CUST713,353,1,4.31748811353631,1,3,2,132,Loyal Customers
CUST714,324,1,6.214608098422191,1,3,3,133,Loyal Customers
CUST715,37,1,4.605170185988092,4,3,2,432,Loyal Customers
CUST716,147,1,7.090076835776092,3,3,4,334,Loyal Customers
CUST717,297,1,6.214608098422191,1,3,3,133,Loyal Customers
CUST718,130,1,4.31748811353631,3,3,2,332,Loyal Customers
CUST719,273,1,4.0943445622221,1,3,1,131,Loyal Customers
CUST720,341,1,7.313220387090301,1,3,4,134,Loyal Customers
CUST721,233,1,6.214608098422191,2,3,3,233,Loyal Customers
CUST722,172,1,6.802394763324311,3,3,3,333,Loyal Customers
CUST723,199,1,5.298317366548036,2,3,3,233,Loyal Customers
CUST724,258,1,5.0106352940962555,2,3,3,233,Loyal Customers
CUST725,134,1,5.703782474656201,3,3,3,333,Loyal Customers
CUST726,199,1,7.090076835776092,2,3,4,234,Loyal Customers
CUST727,194,1,6.802394763324311,2,3,3,233,Loyal Customers
CUST728,172,1,5.0106352940962555,3,3,3,333,Loyal Customers
CUST729,224,1,7.090076835776092,2,3,4,234,Loyal Customers
CUST730,151,1,3.912023005428146,3,3,1,331,Loyal Customers
CUST731,237,1,7.600902459542082,2,3,4,234,Loyal Customers
CUST732,325,1,6.907755278982137,1,3,4,134,Loyal Customers
CUST733,126,1,3.4011973816621555,3,3,1,331,Loyal Customers
CUST734,357,1,3.4011973816621555,1,3,1,131,Loyal Customers
CUST735,90,1,7.600902459542082,4,3,4,434,Loyal Customers
CUST736,340,1,4.605170185988092,1,3,2,132,Loyal Customers
CUST737,187,1,3.912023005428146,2,3,1,231,Loyal Customers
CUST738,252,1,4.605170185988092,2,3,2,232,Loyal Customers
CUST739,34,1,3.2188758248682006,4,3,1,431,Loyal Customers
CUST740,331,1,5.298317366548036,1,3,3,133,Loyal Customers
CUST741,33,1,5.703782474656201,4,3,3,433,Loyal Customers
CUST742,346,1,7.600902459542082,1,3,4,134,Loyal Customers
CUST743,351,1,7.600902459542082,1,3,4,134,Loyal Customers
CUST744,240,1,3.2188758248682006,2,3,1,231,Loyal Customers
CUST745,264,1,4.605170185988092,2,3,2,232,Loyal Customers
CUST746,356,1,4.499809670330265,1,3,2,132,Loyal Customers
CUST747,48,1,3.4011973816621555,4,3,1,431,Loyal Customers
CUST748,288,1,5.0106352940962555,1,3,3,133,Loyal Customers
CUST749,244,1,3.4011973816621555,2,3,1,231,Loyal Customers
CUST750,302,1,4.31748811353631,1,4,2,142,Loyal Customers
CUST751,124,1,3.912023005428146,3,4,1,341,Loyal Customers
CUST752,24,1,4.605170185988092,4,4,2,442,Champions
CUST753,308,1,3.4011973816621555,1,4,1,141,Loyal Customers
CUST754,78,1,4.605170185988092,4,4,2,442,Champions
CUST755,255,1,4.31748811353631,2,4,2,242,Loyal Customers
CUST756,128,1,7.090076835776092,3,4,4,344,Loyal Customers
CUST757,8,1,7.090076835776092,4,4,4,444,Champions
CUST758,235,1,4.605170185988092,2,4,2,242,Loyal Customers
CUST759,178,1,4.605170185988092,3,4,2,342,Loyal Customers
CUST760,281,1,6.214608098422191,1,4,3,143,Loyal Customers
CUST761,56,1,6.214608098422191,4,4,3,443,Champions
CUST762,56,1,3.912023005428146,4,4,1,441,Champions
CUST763,308,1,3.912023005428146,1,4,1,141,Loyal Customers
CUST764,283,1,3.2188758248682006,1,4,1,141,Loyal Customers
CUST765,207,1,5.298317366548036,2,4,3,243,Loyal Customers
CUST766,311,1,6.802394763324311,1,4,3,143,Loyal Customers
CUST767,70,1,4.31748811353631,4,4,2,442,Champions
CUST768,353,1,4.31748811353631,1,4,2,142,Loyal Customers
CUST769,207,1,4.787491742782046,2,4,2,242,Loyal Customers
CUST770,72,1,3.912023005428146,4,4,1,441,Champions
CUST771,20,1,3.912023005428146,4,4,1,441,Champions
CUST772,174,1,3.4011973816621555,3,4,1,341,Loyal Customers
CUST773,163,1,7.600902459542082,3,4,4,344,Loyal Customers
CUST774,265,1,3.912023005428146,2,4,1,241,Loyal Customers
CUST775,328,1,4.605170185988092,1,4,2,142,Loyal Customers
CUST776,63,1,4.499809670330265,4,4,2,442,Champions
CUST777,13,1,5.0106352940962555,4,4,3,443,Champions
CUST778,45,1,4.605170185988092,4,4,2,442,Champions
CUST779,242,1,6.907755278982137,2,4,4,244,Loyal Customers
CUST780,314,1,3.912023005428146,1,4,1,141,Loyal Customers
CUST781,10,1,6.214608098422191,4,4,3,443,Champions
CUST782,212,1,6.802394763324311,2,4,3,243,Loyal Customers
CUST783,16,1,5.703782474656201,4,4,3,443,Champions
CUST784,59,1,6.214608098422191,4,4,3,443,Champions
CUST785,305,1,5.298317366548036,1,4,3,143,Loyal Customers
CUST786,77,1,4.605170185988092,4,4,2,442,Champions
CUST787,345,1,3.2188758248682006,1,4,1,141,Loyal Customers
CUST788,189,1,6.802394763324311,2,4,3,243,Loyal Customers
CUST789,94,1,7.600902459542082,3,4,4,344,Loyal Customers
CUST790,147,1,3.2188758248682006,3,4,1,341,Loyal Customers
CUST791,28,1,3.2188758248682006,4,4,1,441,Champions
CUST792,177,1,3.912023005428146,3,4,1,341,Loyal Customers
CUST793,331,1,3.4011973816621555,1,4,1,141,Loyal Customers
CUST794,107,1,5.703782474656201,3,4,3,343,Loyal Customers
CUST795,35,1,5.703782474656201,4,4,3,443,Champions
CUST796,192,1,4.787491742782046,2,4,2,242,Loyal Customers
CUST797,360,1,4.31748811353631,1,4,2,142,Loyal Customers
CUST798,151,1,3.912023005428146,3,4,1,341,Loyal Customers
CUST799,116,1,4.605170185988092,3,4,2,342,Loyal Customers
CUST800,312,1,7.090076835776092,1,4,4,144,Loyal Customers
CUST801,145,1,5.298317366548036,3,4,3,343,Loyal Customers
CUST802,181,1,3.4011973816621555,3,4,1,341,Loyal Customers
CUST803,41,1,4.605170185988092,4,4,2,442,Champions
CUST804,131,1,3.4011973816621555,3,4,1,341,Loyal Customers
CUST805,4,1,7.313220387090301,4,4,4,444,Champions
CUST806,288,1,6.802394763324311,1,4,3,143,Loyal Customers
CUST807,144,1,5.298317366548036,3,4,3,343,Loyal Customers
CUST808,276,1,7.600902459542082,1,4,4,144,Loyal Customers
CUST809,99,1,4.605170185988092,3,4,2,342,Loyal Customers
CUST810,33,1,4.605170185988092,4,4,2,442,Champions
CUST811,228,1,3.912023005428146,2,4,1,241,Loyal Customers
CUST812,51,1,4.31748811353631,4,4,2,442,Champions
CUST813,91,1,5.0106352940962555,3,4,3,343,Loyal Customers
CUST814,119,1,6.214608098422191,3,4,3,343,Loyal Customers
CUST815,128,1,4.31748811353631,3,4,2,342,Loyal Customers
CUST816,143,1,6.907755278982137,3,4,4,344,Loyal Customers
CUST817,63,1,5.298317366548036,4,4,3,443,Champions
CUST818,229,1,6.214608098422191,2,4,3,243,Loyal Customers
CUST819,201,1,4.605170185988092,2,4,2,242,Loyal Customers
CUST820,241,1,5.298317366548036,2,4,3,243,Loyal Customers
CUST821,322,1,5.703782474656201,1,4,3,143,Loyal Customers
CUST822,224,1,5.0106352940962555,2,4,3,243,Loyal Customers
CUST823,136,1,4.605170185988092,3,4,2,342,Loyal Customers
CUST824,242,1,4.787491742782046,2,4,2,242,Loyal Customers
CUST825,129,1,3.2188758248682006,3,4,1,341,Loyal Customers
CUST826,75,1,5.703782474656201,4,4,3,443,Champions
CUST827,54,1,6.802394763324311,4,4,3,443,Champions
CUST828,24,1,7.090076835776092,4,4,4,444,Champions
CUST829,172,1,4.499809670330265,3,4,2,342,Loyal Customers
CUST830,194,1,5.0106352940962555,2,4,3,243,Loyal Customers
CUST831,352,1,4.605170185988092,1,4,2,142,Loyal Customers
CUST832,113,1,7.600902459542082,3,4,4,344,Loyal Customers
CUST833,200,1,5.298317366548036,2,4,3,243,Loyal Customers
CUST834,273,1,4.0943445622221,1,4,1,141,Loyal Customers
CUST835,117,1,5.298317366548036,3,4,3,343,Loyal Customers
CUST836,258,1,3.912023005428146,2,4,1,241,Loyal Customers
CUST837,185,1,4.499809670330265,3,4,2,342,Loyal Customers
CUST838,234,1,6.396929655216146,2,4,3,243,Loyal Customers
CUST839,192,1,7.090076835776092,2,4,4,244,Loyal Customers
CUST840,223,1,3.912023005428146,2,4,1,241,Loyal Customers
CUST841,61,1,4.605170185988092,4,4,2,442,Champions
CUST842,7,1,6.396929655216146,4,4,3,443,Champions
CUST843,225,1,7.313220387090301,2,4,4,244,Loyal Customers
CUST844,82,1,5.0106352940962555,4,4,3,443,Champions
CUST845,361,1,6.214608098422191,1,4,3,143,Loyal Customers
CUST846,102,1,3.912023005428146,3,4,1,341,Loyal Customers
CUST847,269,1,7.090076835776092,2,4,4,244,Loyal Customers
CUST848,323,1,4.31748811353631,1,4,2,142,Loyal Customers
CUST849,243,1,3.912023005428146,2,4,1,241,Loyal Customers
CUST850,158,1,6.907755278982137,3,4,4,344,Loyal Customers
CUST851,116,1,3.912023005428146,3,4,1,341,Loyal Customers
CUST852,82,1,5.703782474656201,4,4,3,443,Champions
CUST853,243,1,6.907755278982137,2,4,4,244,Loyal Customers
CUST854,13,1,3.912023005428146,4,4,1,441,Champions
CUST855,123,1,3.2188758248682006,3,4,1,341,Loyal Customers
CUST856,36,1,4.787491742782046,4,4,2,442,Champions
CUST857,2,1,3.912023005428146,4,4,1,441,Champions
CUST858,115,1,4.605170185988092,3,4,2,342,Loyal Customers
CUST859,137,1,7.313220387090301,3,4,4,344,Loyal Customers
CUST860,358,1,5.298317366548036,1,4,3,143,Loyal Customers
CUST861,319,1,4.499809670330265,1,4,2,142,Loyal Customers
CUST862,216,1,7.090076835776092,2,4,4,244,Loyal Customers
CUST863,253,1,3.912023005428146,2,4,1,241,Loyal Customers
CUST864,159,1,6.214608098422191,3,4,3,343,Loyal Customers
CUST865,12,1,5.703782474656201,4,4,3,443,Champions
CUST866,242,1,3.912023005428146,2,4,1,241,Loyal Customers
CUST867,210,1,6.214608098422191,2,4,3,243,Loyal Customers
CUST868,27,1,5.703782474656201,4,4,3,443,Champions
CUST869,69,1,7.313220387090301,4,4,4,444,Champions
CUST870,178,1,4.787491742782046,3,4,2,342,Loyal Customers
CUST871,124,1,4.0943445622221,3,4,1,341,Loyal Customers
CUST872,83,1,4.31748811353631,4,4,2,442,Champions
CUST873,95,1,4.605170185988092,3,4,2,342,Loyal Customers
CUST874,190,1,3.4011973816621555,2,4,1,241,Loyal Customers
CUST875,149,1,7.600902459542082,3,4,4,344,Loyal Customers
CUST876,85,1,4.787491742782046,4,4,2,442,Champions
CUST877,197,1,3.2188758248682006,2,4,1,241,Loyal Customers
CUST878,186,1,3.4011973816621555,3,4,1,341,Loyal Customers
CUST879,7,1,3.4011973816621555,4,4,1,441,Champions
CUST880,134,1,6.907755278982137,3,4,4,344,Loyal Customers
CUST881,228,1,5.703782474656201,2,4,3,243,Loyal Customers
CUST882,210,1,3.912023005428146,2,4,1,241,Loyal Customers
CUST883,238,1,6.214608098422191,2,4,3,243,Loyal Customers
CUST884,248,1,4.0943445622221,2,4,1,241,Loyal Customers
CUST885,305,1,4.787491742782046,1,4,2,142,Loyal Customers
CUST886,268,1,6.802394763324311,2,4,3,243,Loyal Customers
CUST887,205,1,4.605170185988092,2,4,2,242,Loyal Customers
CUST888,305,1,4.605170185988092,1,4,2,142,Loyal Customers
CUST889,92,1,3.912023005428146,3,4,1,341,Loyal Customers
CUST890,13,1,3.912023005428146,4,4,1,441,Champions
CUST891,272,1,6.802394763324311,1,4,3,143,Loyal Customers
CUST892,268,1,3.912023005428146,2,4,1,241,Loyal Customers
CUST893,256,1,3.912023005428146,2,4,1,241,Loyal Customers
CUST894,119,1,3.4011973816621555,3,4,1,341,Loyal Customers
CUST895,225,1,4.787491742782046,2,4,2,242,Loyal Customers
CUST896,65,1,3.912023005428146,4,4,1,441,Champions
CUST897,98,1,4.605170185988092,3,4,2,342,Loyal Customers
CUST898,61,1,4.499809670330265,4,4,2,442,Champions
CUST899,222,1,6.396929655216146,2,4,3,243,Loyal Customers
CUST900,315,1,4.0943445622221,1,4,1,141,Loyal Customers
CUST901,267,1,3.4011973816621555,2,4,1,241,Loyal Customers
CUST902,215,1,3.912023005428146,2,4,1,241,Loyal Customers
CUST903,250,1,5.298317366548036,2,4,3,243,Loyal Customers
CUST904,182,1,6.214608098422191,3,4,3,343,Loyal Customers
CUST905,275,1,5.703782474656201,1,4,3,143,Loyal Customers
CUST906,212,1,3.912023005428146,2,4,1,241,Loyal Customers
CUST907,359,1,3.2188758248682006,1,4,1,141,Loyal Customers
CUST908,4,1,7.090076835776092,4,4,4,444,Champions
CUST909,93,1,5.703782474656201,3,4,3,343,Loyal Customers
CUST910,302,1,5.0106352940962555,1,4,3,143,Loyal Customers
CUST911,226,1,6.802394763324311,2,4,3,243,Loyal Customers
CUST912,343,1,5.0106352940962555,1,4,3,143,Loyal Customers
CUST913,339,1,4.499809670330265,1,4,2,142,Loyal Customers
CUST914,83,1,6.214608098422191,4,4,3,443,Champions
CUST915,217,1,4.499809670330265,2,4,2,242,Loyal Customers
CUST916,9,1,3.912023005428146,4,4,1,441,Champions
CUST917,302,1,5.298317366548036,1,4,3,143,Loyal Customers
CUST918,40,1,4.499809670330265,4,4,2,442,Champions
CUST919,115,1,3.912023005428146,3,4,1,341,Loyal Customers
CUST920,314,1,4.31748811353631,1,4,2,142,Loyal Customers
CUST921,360,1,4.31748811353631,1,4,2,142,Loyal Customers
CUST922,73,1,3.912023005428146,4,4,1,441,Champions
CUST923,221,1,6.802394763324311,2,4,3,243,Loyal Customers
CUST924,126,1,4.605170185988092,3,4,2,342,Loyal Customers
CUST925,121,1,5.703782474656201,3,4,3,343,Loyal Customers
CUST926,141,1,3.4011973816621555,3,4,1,341,Loyal Customers
CUST927,192,1,7.600902459542082,2,4,4,244,Loyal Customers
CUST928,272,1,7.090076835776092,1,4,4,144,Loyal Customers
CUST929,340,1,4.31748811353631,1,4,2,142,Loyal Customers
CUST930,237,1,5.298317366548036,2,4,3,243,Loyal Customers
CUST931,122,1,4.787491742782046,3,4,2,342,Loyal Customers
CUST932,308,1,4.605170185988092,1,4,2,142,Loyal Customers
CUST933,333,1,3.4011973816621555,1,4,1,141,Loyal Customers
CUST934,161,1,6.214608098422191,3,4,3,343,Loyal Customers
CUST935,115,1,3.912023005428146,3,4,1,341,Loyal Customers
CUST936,329,1,5.298317366548036,1,4,3,143,Loyal Customers
CUST937,71,1,6.214608098422191,4,4,3,443,Champions
CUST938,44,1,5.298317366548036,4,4,3,443,Champions
CUST939,15,1,5.703782474656201,4,4,3,443,Champions
CUST940,339,1,3.4011973816621555,1,4,1,141,Loyal Customers
CUST941,289,1,3.912023005428146,1,4,1,141,Loyal Customers
CUST942,290,1,7.313220387090301,1,4,4,144,Loyal Customers
CUST943,78,1,7.090076835776092,4,4,4,444,Champions
CUST944,211,1,3.912023005428146,2,4,1,241,Loyal Customers
CUST945,323,1,3.2188758248682006,1,4,1,141,Loyal Customers
CUST946,239,1,7.600902459542082,2,4,4,244,Loyal Customers
CUST947,306,1,5.703782474656201,1,4,3,143,Loyal Customers
CUST948,81,1,4.31748811353631,4,4,2,442,Champions
CUST949,153,1,3.912023005428146,3,4,1,341,Loyal Customers
CUST950,56,1,6.802394763324311,4,4,3,443,Champions
CUST951,61,1,4.605170185988092,4,4,2,442,Champions
CUST952,50,1,3.2188758248682006,4,4,1,441,Champions
CUST953,251,1,4.499809670330265,2,4,2,242,Loyal Customers
CUST954,99,1,6.802394763324311,3,4,3,343,Loyal Customers
CUST955,172,1,3.2188758248682006,3,4,1,341,Loyal Customers
CUST956,136,1,7.313220387090301,3,4,4,344,Loyal Customers
CUST957,140,1,4.787491742782046,3,4,2,342,Loyal Customers
CUST958,214,1,3.912023005428146,2,4,1,241,Loyal Customers
CUST959,65,1,4.0943445622221,4,4,1,441,Champions
CUST960,147,1,4.0943445622221,3,4,1,341,Loyal Customers
CUST961,210,1,5.298317366548036,2,4,3,243,Loyal Customers
CUST962,75,1,4.0943445622221,4,4,1,441,Champions
CUST963,49,1,3.912023005428146,4,4,1,441,Champions
CUST964,336,1,6.802394763324311,1,4,3,143,Loyal Customers
CUST965,54,1,5.298317366548036,4,4,3,443,Champions
CUST966,316,1,6.907755278982137,1,4,4,144,Loyal Customers
CUST967,260,1,3.2188758248682006,2,4,1,241,Loyal Customers
CUST968,46,1,6.802394763324311,4,4,3,443,Champions
CUST969,258,1,6.802394763324311,2,4,3,243,Loyal Customers
CUST970,231,1,7.600902459542082,2,4,4,244,Loyal Customers
CUST971,28,1,5.298317366548036,4,4,3,443,Champions
CUST972,325,1,4.605170185988092,1,4,2,142,Loyal Customers
CUST973,286,1,3.912023005428146,1,4,1,141,Loyal Customers
CUST974,244,1,3.4011973816621555,2,4,1,241,Loyal Customers
CUST975,278,1,5.298317366548036,1,4,3,143,Loyal Customers
CUST976,84,1,6.396929655216146,4,4,3,443,Champions
CUST977,328,1,4.31748811353631,1,4,2,142,Loyal Customers
CUST978,286,1,5.0106352940962555,1,4,3,143,Loyal Customers
CUST979,365,1,3.2188758248682006,1,4,1,141,Loyal Customers
CUST980,157,1,4.31748811353631,3,4,2,342,Loyal Customers
CUST981,136,1,4.0943445622221,3,4,1,341,Loyal Customers
CUST982,14,1,4.499809670330265,4,4,2,442,Champions
CUST983,62,1,5.703782474656201,4,4,3,443,Champions
CUST984,126,1,6.214608098422191,3,4,3,343,Loyal Customers
CUST985,217,1,3.912023005428146,2,4,1,241,Loyal Customers
CUST986,350,1,6.907755278982137,1,4,4,144,Loyal Customers
CUST987,248,1,6.802394763324311,2,4,3,243,Loyal Customers
CUST988,219,1,4.31748811353631,2,4,2,242,Loyal Customers
CUST989,5,1,3.2188758248682006,4,4,1,441,Champions
CUST990,222,1,6.907755278982137,2,4,4,244,Loyal Customers
CUST991,7,1,4.605170185988092,4,4,2,442,Champions
CUST992,134,1,4.0943445622221,3,4,1,341,Loyal Customers
CUST993,330,1,5.0106352940962555,1,4,3,143,Loyal Customers
CUST994,15,1,6.907755278982137,4,4,4,444,Champions
CUST995,247,1,3.4011973816621555,2,4,1,241,Loyal Customers
CUST996,231,1,3.912023005428146,2,4,1,241,Loyal Customers
CUST997,46,1,4.499809670330265,4,4,2,442,Champions
CUST998,65,1,4.605170185988092,4,4,2,442,Champions
CUST999,28,1,5.0106352940962555,4,4,3,443,Champions
